{
  "curvature_visible": {
    "alpha": 1e-08,
    "coefficients": [
      -0.009505892598514417,
      -0.11501944222477073,
      -0.010465851098430084,
      -0.007650102721749658,
      -0.0015672655670229455,
      -0.004928382563053656,
      0.000747629681952822,
      0.042576121632072556,
      -0.08940618068108061,
      0.0009424757913978375,
      0.000559813917598456,
      -0.011818243421318519,
      0.006361316287700071,
      0.006195298662427913,
      0.009211994023383758,
      -0.38328487160147184,
      0.3804837175849078,
      0.05663158916528047,
      -0.039403840346944226,
      0.110027098334756,
      -0.046407525438277274,
      0.03632625120171501,
      -0.27431421191028577
    ],
    "feature_mean": [
      0.5,
      1.0,
      0.0,
      0.0,
      0.5,
      0.5,
      0.0,
      0.5776954323609252,
      0.3303893785755298,
      0.000693439244160494,
      0.9999706955045503,
      2.0506338545965606,
      -0.023044365558732995,
      -0.023799576327226096,
      0.0007552107684931114,
      0.691616147862195,
      0.691474149474482,
      -0.002013048472143284,
      -0.0005630620248356707,
      0.0852703945629666,
      -0.0018819442482602283,
      -0.00042095698479423737,
      0.08578871217818747
    ],
    "feature_names": [
      "component_v",
      "camera_index",
      "detector_u",
      "detector_v",
      "detector_u2",
      "detector_v2",
      "detector_uv",
      "sin_azimuth",
      "cos_azimuth",
      "sin_elevation",
      "cos_elevation",
      "line_length",
      "observation",
      "warm_projection",
      "warm_residual",
      "abs_observation",
      "abs_warm_projection",
      "observation_du",
      "observation_dv",
      "observation_laplacian",
      "warm_du",
      "warm_dv",
      "warm_laplacian"
    ],
    "feature_scale": [
      0.5,
      0.8164965809277268,
      0.707106781186547,
      0.7071067811865481,
      0.41833001326703795,
      0.41833001326703784,
      0.5000000000000004,
      0.4066492513840831,
      0.6258971419511066,
      0.00762409290323437,
      2.194454759237041e-05,
      0.23964015135903502,
      0.9997344433478308,
      0.9996428715145957,
      0.012130097006700586,
      0.722265258763189,
      0.7222989623499712,
      0.954235130058138,
      0.7002336516538702,
      2.156617799183987,
      0.9540810664957653,
      0.699939600211821,
      2.1561700338081415
    ],
    "intercept": 0.0012213675956189963
  },
  "geometry_observation": {
    "alpha": 100.0,
    "coefficients": [
      -0.005040010129708219,
      0.0008683145167090213,
      -0.011973449854205563,
      -0.011341189766328766,
      0.0012091252182237072,
      -0.001555361807032058,
      -0.005294100580058631,
      0.0012505080107894477,
      -0.0010331236993987728,
      0.0007687105405611719,
      0.0004611385839179035,
      0.0091360645341505,
      0.15880163202963832
    ],
    "feature_mean": [
      0.5,
      1.0,
      0.0,
      0.0,
      0.5,
      0.5,
      0.0,
      0.5776954323609252,
      0.33038937857552986,
      0.000693439244160494,
      0.9999706955045503,
      2.0506338545965606,
      -0.023044365558732988
    ],
    "feature_names": [
      "component_v",
      "camera_index",
      "detector_u",
      "detector_v",
      "detector_u2",
      "detector_v2",
      "detector_uv",
      "sin_azimuth",
      "cos_azimuth",
      "sin_elevation",
      "cos_elevation",
      "line_length",
      "observation"
    ],
    "feature_scale": [
      0.5,
      0.8164965809277268,
      0.707106781186547,
      0.7071067811865481,
      0.41833001326703795,
      0.41833001326703784,
      0.5000000000000004,
      0.4066492513840831,
      0.6258971419511066,
      0.00762409290323437,
      2.194454759237041e-05,
      0.23964015135903502,
      0.9997344433478308
    ],
    "intercept": 0.0012213675956189963
  },
  "geometry_only": {
    "alpha": 1e-08,
    "coefficients": [
      -0.0011952154967112196,
      -0.05429197962385045,
      0.004576755606832779,
      0.005290672751242656,
      0.009177412039098519,
      -0.0006944648801510526,
      0.006222368467563927,
      0.01740836565826955,
      -0.043880347136450774,
      0.0005222265435574326,
      0.00037546086942458944,
      -0.015682132505729876
    ],
    "feature_mean": [
      0.5,
      1.0,
      0.0,
      0.0,
      0.5,
      0.5,
      0.0,
      0.5776954323609252,
      0.33038937857552986,
      0.000693439244160494,
      0.9999706955045503,
      2.0506338545965606
    ],
    "feature_names": [
      "component_v",
      "camera_index",
      "detector_u",
      "detector_v",
      "detector_u2",
      "detector_v2",
      "detector_uv",
      "sin_azimuth",
      "cos_azimuth",
      "sin_elevation",
      "cos_elevation",
      "line_length"
    ],
    "feature_scale": [
      0.5,
      0.8164965809277268,
      0.707106781186547,
      0.7071067811865481,
      0.41833001326703795,
      0.41833001326703784,
      0.5000000000000004,
      0.4066492513840831,
      0.6258971419511066,
      0.00762409290323437,
      2.194454759237041e-05,
      0.23964015135903502
    ],
    "intercept": 0.0012213675956189963
  },
  "geometry_signal": {
    "alpha": 1e-08,
    "coefficients": [
      -0.008291510874715963,
      -0.08931562681215728,
      -0.01252734834491685,
      -0.011245233225344455,
      -0.004328844118669691,
      -0.007678256234418945,
      -0.005924916645789766,
      0.03208051033728153,
      -0.07037108196987107,
      9.35879293139244e-05,
      -0.0006683761686230754,
      0.01154893743020388,
      0.08072211876817852,
      0.08033458623736928,
      0.008185190906244307,
      -0.4625974760686807,
      0.44195189050248995
    ],
    "feature_mean": [
      0.5,
      1.0,
      0.0,
      0.0,
      0.5,
      0.5,
      0.0,
      0.5776954323609252,
      0.3303893785755298,
      0.000693439244160494,
      0.9999706955045503,
      2.0506338545965606,
      -0.023044365558732995,
      -0.023799576327226096,
      0.0007552107684931114,
      0.691616147862195,
      0.691474149474482
    ],
    "feature_names": [
      "component_v",
      "camera_index",
      "detector_u",
      "detector_v",
      "detector_u2",
      "detector_v2",
      "detector_uv",
      "sin_azimuth",
      "cos_azimuth",
      "sin_elevation",
      "cos_elevation",
      "line_length",
      "observation",
      "warm_projection",
      "warm_residual",
      "abs_observation",
      "abs_warm_projection"
    ],
    "feature_scale": [
      0.5,
      0.8164965809277268,
      0.707106781186547,
      0.7071067811865481,
      0.41833001326703795,
      0.41833001326703784,
      0.5000000000000004,
      0.4066492513840831,
      0.6258971419511066,
      0.00762409290323437,
      2.194454759237041e-05,
      0.23964015135903502,
      0.9997344433478308,
      0.9996428715145957,
      0.012130097006700586,
      0.722265258763189,
      0.7222989623499712
    ],
    "intercept": 0.0012213675956189963
  }
}