{
  "status": "POST_LOCK_DIAGNOSTIC_ONLY_V5A_REMAINS_FAILED",
  "claim_boundary": "descriptive analysis of the already opened synthetic lock; it cannot change the frozen v5a method, threshold, or failed gate",
  "lock_count": 36,
  "accepted_count": 24,
  "accepted_only_risk": {
    "mean_gain_percent": 2.629053538044294,
    "p10_gain_percent": -24.77901439666748,
    "harm_rate_over_1_percent": 0.375,
    "audit_reprojection_increase_rate": 0.375,
    "maximum_audit_reprojection_increase_percent": 35.58813973735992
  },
  "audit_metric_sensitivity": {
    "mean_of_samplewise_percent_change": -0.43901361196176975,
    "percent_change_of_mean_rms": 0.3084599762741031,
    "baseline_mean_rms": 4.984943194521798,
    "candidate_mean_rms": 5.000319749116898
  },
  "extreme_radius_choice_count": 34,
  "accepted_large_radius_error_count": 23,
  "confidence_gain_correlation": {
    "all_pearson": 0.11178391059242852,
    "all_spearman": 0.1833284103200352,
    "accepted_pearson": 0.06994078460169509,
    "accepted_spearman": -0.002608695652173913
  },
  "by_family": [
    {
      "family": "helical_plume",
      "count": 18,
      "accepted_count": 17,
      "coverage": 0.9444444444444444,
      "mean_gain_percent": -2.221891211138831,
      "p10_gain_percent": -25.8340726852417,
      "harm_rate_over_1_percent": 0.4444444444444444,
      "accepted_mean_gain_percent": -2.352590694146998,
      "accepted_p10_gain_percent": -25.964724349975587,
      "accepted_harm_rate_over_1_percent": 0.47058823529411764,
      "mean_confidence": 0.04130440391600132,
      "mean_estimated_radius": 0.0
    },
    {
      "family": "stratified_ignition",
      "count": 18,
      "accepted_count": 7,
      "coverage": 0.3888888888888889,
      "mean_gain_percent": 5.727295928531223,
      "p10_gain_percent": 0.0,
      "harm_rate_over_1_percent": 0.05555555555555555,
      "accepted_mean_gain_percent": 14.727332387651716,
      "accepted_p10_gain_percent": 2.6568998336792005,
      "accepted_harm_rate_over_1_percent": 0.14285714285714285,
      "mean_confidence": 0.0175987571961337,
      "mean_estimated_radius": 0.15555555555555559
    }
  ],
  "by_true_aperture_radius": [
    {
      "true_aperture_radius": 0.06,
      "count": 12,
      "accepted_count": 8,
      "coverage": 0.6666666666666666,
      "mean_gain_percent": 0.7174270351727804,
      "p10_gain_percent": -23.681849050521848,
      "harm_rate_over_1_percent": 0.3333333333333333,
      "accepted_mean_gain_percent": 1.0761405527591705,
      "accepted_p10_gain_percent": -25.8340726852417,
      "accepted_harm_rate_over_1_percent": 0.5,
      "mean_confidence": 0.02837016691410099,
      "mean_estimated_radius": 0.08
    },
    {
      "true_aperture_radius": 0.1,
      "count": 12,
      "accepted_count": 6,
      "coverage": 0.5,
      "mean_gain_percent": 6.553227424621582,
      "p10_gain_percent": 0.0,
      "harm_rate_over_1_percent": 0.08333333333333333,
      "accepted_mean_gain_percent": 13.106454849243164,
      "accepted_p10_gain_percent": 1.253523349761963,
      "accepted_harm_rate_over_1_percent": 0.16666666666666666,
      "mean_confidence": 0.02626880502793938,
      "mean_estimated_radius": 0.11666666666666665
    },
    {
      "true_aperture_radius": 0.14,
      "count": 12,
      "accepted_count": 10,
      "coverage": 0.8333333333333334,
      "mean_gain_percent": -2.012547383705775,
      "p10_gain_percent": -22.142291259765624,
      "harm_rate_over_1_percent": 0.3333333333333333,
      "accepted_mean_gain_percent": -2.41505686044693,
      "accepted_p10_gain_percent": -23.93277950286865,
      "accepted_harm_rate_over_1_percent": 0.4,
      "mean_confidence": 0.03371576972616216,
      "mean_estimated_radius": 0.03666666666666667
    }
  ],
  "by_active_reconstruction_views": [
    {
      "active_reconstruction_views": 3,
      "count": 19,
      "accepted_count": 14,
      "coverage": 0.7368421052631579,
      "mean_gain_percent": 2.8638485356381067,
      "p10_gain_percent": -25.70342102050781,
      "harm_rate_over_1_percent": 0.21052631578947367,
      "accepted_mean_gain_percent": 3.8866515840802873,
      "accepted_p10_gain_percent": -26.356679344177245,
      "accepted_harm_rate_over_1_percent": 0.2857142857142857,
      "mean_confidence": 0.0320104704457519,
      "mean_estimated_radius": 0.07578947368421052
    },
    {
      "active_reconstruction_views": 4,
      "count": 11,
      "accepted_count": 6,
      "coverage": 0.5454545454545454,
      "mean_gain_percent": 2.9146369370547207,
      "p10_gain_percent": -2.7436068058013916,
      "harm_rate_over_1_percent": 0.18181818181818182,
      "accepted_mean_gain_percent": 5.343501051266988,
      "accepted_p10_gain_percent": -4.253482937812805,
      "accepted_harm_rate_over_1_percent": 0.3333333333333333,
      "mean_confidence": 0.025686301052866675,
      "mean_estimated_radius": 0.10181818181818181
    },
    {
      "active_reconstruction_views": 5,
      "count": 6,
      "accepted_count": 4,
      "coverage": 0.6666666666666666,
      "mean_gain_percent": -3.8961405952771506,
      "p10_gain_percent": -10.088191747665405,
      "harm_rate_over_1_percent": 0.5,
      "accepted_mean_gain_percent": -5.844210892915726,
      "accepted_p10_gain_percent": -10.987695932388306,
      "accepted_harm_rate_over_1_percent": 0.75,
      "mean_confidence": 0.028251441661268473,
      "mean_estimated_radius": 0.04
    }
  ],
  "worst_samples": [
    {
      "sample_index": 12,
      "geometry_id": "independent_lock:m0010011:field=012",
      "family": "helical_plume",
      "true_aperture_radius": 0.14,
      "active_reconstruction_views": 3,
      "accepted": true,
      "confidence": 0.02278911881148815,
      "estimated_aperture_radius": 0.0,
      "selected_gain_percent": -30.24183464050293
    },
    {
      "sample_index": 34,
      "geometry_id": "independent_lock:m0000111:field=034",
      "family": "helical_plume",
      "true_aperture_radius": 0.06,
      "active_reconstruction_views": 3,
      "accepted": true,
      "confidence": 0.04082179069519043,
      "estimated_aperture_radius": 0.0,
      "selected_gain_percent": -26.748634338378906
    },
    {
      "sample_index": 22,
      "geometry_id": "independent_lock:m0001101:field=022",
      "family": "helical_plume",
      "true_aperture_radius": 0.06,
      "active_reconstruction_views": 3,
      "accepted": true,
      "confidence": 0.029900668188929558,
      "estimated_aperture_radius": 0.0,
      "selected_gain_percent": -25.44211769104004
    },
    {
      "sample_index": 20,
      "geometry_id": "independent_lock:m0100101:field=020",
      "family": "helical_plume",
      "true_aperture_radius": 0.14,
      "active_reconstruction_views": 3,
      "accepted": true,
      "confidence": 0.05837636440992355,
      "estimated_aperture_radius": 0.0,
      "selected_gain_percent": -23.231773376464844
    },
    {
      "sample_index": 15,
      "geometry_id": "independent_lock:m0111011:field=015",
      "family": "helical_plume",
      "true_aperture_radius": 0.14,
      "active_reconstruction_views": 5,
      "accepted": true,
      "confidence": 0.025380035862326622,
      "estimated_aperture_radius": 0.0,
      "selected_gain_percent": -12.336952209472656
    },
    {
      "sample_index": 6,
      "geometry_id": "independent_lock:m0111101:field=006",
      "family": "helical_plume",
      "true_aperture_radius": 0.06,
      "active_reconstruction_views": 5,
      "accepted": true,
      "confidence": 0.05037651211023331,
      "estimated_aperture_radius": 0.0,
      "selected_gain_percent": -7.839431285858154
    },
    {
      "sample_index": 23,
      "geometry_id": "independent_lock:m0011011:field=023",
      "family": "stratified_ignition",
      "true_aperture_radius": 0.1,
      "active_reconstruction_views": 4,
      "accepted": true,
      "confidence": 0.03559047356247902,
      "estimated_aperture_radius": 0.16,