{
  "created_before_independent_lock": true,
  "selection_role": "select truth used only for baseline, method and confidence threshold selection",
  "selected_baseline": "pinhole_fista_equal_calls",
  "baseline_mean_relative_l2": {
    "pinhole_pbb_4": 0.4001866281032562,
    "pinhole_pbb_equal_calls": 0.2075987607240677,
    "pinhole_fista_equal_calls": 0.20493003726005554
  },
  "selected_operator_method": {
    "method": "full_residual_hard",
    "threshold": 0.02182040736079216,
    "coverage": 0.3333333333333333,
    "mean_gain_percent": 5.342826843261719,
    "p10_gain_percent": 0.0,
    "harm_rate_over_1_percent": 0.03333333333333333,
    "feasible": true,
    "selection_reason": "best_select_gain_subject_to_predeclared_coverage_and_tail_constraints"
  },
  "select_mismatch_penalty_percent": 5.914941310882568,
  "audit_camera_used_by_reconstruction_or_selection": false,
  "audit_camera_excluded_from_noise_scale": true,
  "config_sha256": "cc6eb00f8b7982fcc6dc053dd447495f5254e988484b8cdfe70dff2147f6a163",
  "select_operator_manifest": {
    "split": "independent_select",
    "candidate_aperture_radii": [
      0.0,
      0.04,
      0.08,
      0.12,
      0.16
    ],
    "true_aperture_radii": [
      0.04,
      0.08,
      0.12
    ],
    "reconstruction_operator_sha256": [
      "c237e3cba82751a12a45e37f4973c3207fee2cf872948d552b90b7b8ca222b97",
      "669f3f26fa037d285e78489fc60216b93a8dda44c30199d8a41f68dd4643f03e",
      "3cdc45c24120d6b7dab96501e08a32fdafe9a4deb817318ce1c05aac53cc3901",
      "4f6387583252e620b3f5aad8d1cf1c71114c0e413bc9f2b33ef788c478549d01",
      "2d1e28d8d97ef1d7726814f80344c328632dee5389a714565528f5dd21bfe83a"
    ],
    "truth_operator_sha256": [
      "ea945ecfadf234452347353a9d4c624821a0f947d96791d45c9ce348f5fba41b",
      "3b05459d154f62b9599fa43b5e17a77c03a005f1f5148214c3e62b9876ec79c9",
      "2bffd1e471e66c5ce4317a281f14d94652ed0247930dc0587f241feeaf17dd95"
    ],
    "truth_reconstruction_hash_overlap": [],
    "audit_camera_index": 6,
    "audit_camera_excluded_from_noise_scale": true
  }
}
