total_budget,locked_neural_baseline,independent_field_count,mean_field_superiority_pct,field_superiority_ci95_low,field_superiority_ci95_high,p10_field_superiority_pct,harm_rate_gt_1pct,mean_audit_superiority_pct,parameter_ratio_vs_locked_baseline,development_superiority_gate_pass
4,ridge_fno_aug,96,1.7693172347356316,1.1350182085596339,2.4315618353799113,-0.7401742823550688,0.07291666666666666,0.1328145342207102,1.0400425310499288,False
6,ridge_fno_aug,96,5.362894007452872,4.487860602787558,6.252746547271501,-0.7213448327794779,0.05208333333333333,1.6060820924488735,1.0400425310499288,True
8,ridge_fno_aug,96,1.087535010423521,0.565808767836568,1.6442735761306326,-1.0186467811025819,0.12499999999999999,-0.7554957866603966,1.0400425310499288,False
