cumulative_epochs,model_seed_count,mean_validation_rel_l2,min_validation_rel_l2,max_validation_rel_l2,mean_relative_validation_improvement_pct,max_seed_relative_validation_improvement_pct,retained_previous_checkpoint_count,mean_cumulative_train_seconds,plateau_block
24,3,0.16645806059241294,0.16183300837874412,0.17542076259851455,0.0,0.0,0,4.546784375328571,False
36,3,0.14862257366379103,0.14492738768458366,0.1547056667506695,10.684624459129175,11.808805035888257,0,6.710304458974861,False
48,3,0.13703030695517857,0.13537587523460387,0.13952720612287522,7.757360644827476,9.811185941985197,0,8.89132848661393,False
60,3,0.1296396590769291,0.1289275497198105,0.13093659058213233,5.385760661879202,6.156946576509214,0,11.059005222554939,False
72,3,0.12444419289628665,0.12377022504806519,0.12562952190637589,4.007355737832906,4.094857663995991,0,13.239506736552963,False
84,3,0.12085431019465127,0.12033285945653915,0.12167990580201149,2.883503462141991,3.1438598542756275,0,15.423688611520143,False
96,3,0.11745625212788581,0.1167719766497612,0.11855786442756652,2.8125547000639544,2.9591940412871596,0,17.603890861500986,False
