cumulative_epochs,independent_field_count,model_seed_count,mean_field_rel_l2,mean_clean_audit_rel_l2,mean_field_superiority_vs_epoch24_pct,field_superiority_ci95_low,field_superiority_ci95_high,every_domain_mean_nonnegative_vs_epoch24
24,128,3,0.35132814712900046,0.41972212367303047,0.0,0.0,0.0,True
36,128,3,0.3370431929361075,0.3939097959858676,5.991367814799143,5.518590075270812,6.4723546635356435,True
48,128,3,0.32708625928110757,0.3766653497780984,10.053034800740285,9.354823778917147,10.775688525017586,True
60,128,3,0.32090294078807347,0.3644527293023808,12.677734544808185,11.906409772868328,13.473917490519355,True
72,128,3,0.31710967009227414,0.35524842524318956,14.388651109682844,13.550420425154863,15.250349184170771,True
84,128,3,0.31454696641109575,0.34831287626487517,15.557360801452687,14.673803227176315,16.45172305805956,True
96,128,3,0.31253038747430156,0.3421032369854705,16.5339291164707,15.607016530348547,17.44630474179295,True
