{
  "attestation_sha256": "0f9f3b6b4562f9717315487a8583718bf09ddee1529bf3ffae9d1a58db856f72",
  "candidates": [
    {
      "aggregate": {
        "component_mae_px": 0.11108878488647311,
        "component_rmse_px": 0.18050256413287494,
        "measured_vector_rms_px": 0.3027159153727143,
        "predicted_vector_rms_px": 0.14322256442597028,
        "ray_count": 3847050,
        "residual_magnitude_p95_px": 0.5022947086198483,
        "vector_relative_l2": 0.8432631430215097
      },
      "candidate_id": "support_cgls4_16cubed",
      "free_interior_value_count": 2744,
      "gates": {
        "all_selected_active_rays_hit_b0": true,
        "outer_boundary_zero": true,
        "prediction_finite": true,
        "single_logical_forward_call": true
      },
      "grid_node_spacing_xyz_m": [
        0.014666666666666666,
        0.014666666666666666,
        0.014666666666666666
      ],
      "grid_shape_zyx": [
        16,
        16,
        16
      ],
      "nominal_grid_value_count": 4096,
      "per_camera": [
        {
          "camera_id": 2,
          "component_mae_px": 0.08542604629989377,
          "component_rmse_px": 0.13277379718491494,
          "measured_vector_rms_px": 0.24620003716473696,
          "predicted_vector_rms_px": 0.18141815822886884,
          "ray_count": 959098,
          "residual_magnitude_p95_px": 0.42199462283591943,
          "vector_relative_l2": 0.7626745587411923
        },
        {
          "camera_id": 3,
          "component_mae_px": 0.11399603176699222,
          "component_rmse_px": 0.19401681630441978,
          "measured_vector_rms_px": 0.31433223490799045,
          "predicted_vector_rms_px": 0.12168830422442045,
          "ray_count": 1643912,
          "residual_magnitude_p95_px": 0.5152590144052348,
          "vector_relative_l2": 0.8729019250172486
        },
        {
          "camera_id": 4,
          "component_mae_px": 0.1270318600440751,
          "component_rmse_px": 0.193443768896609,
          "measured_vector_rms_px": 0.3257023875910911,
          "predicted_vector_rms_px": 0.13598271288357539,
          "ray_count": 1244040,
          "residual_magnitude_p95_px": 0.590319280170457,
          "vector_relative_l2": 0.8399410380546845
        }
      ],
      "runtime": {
        "candidate_end_to_end_wall_seconds": 6.867677583009936,
        "forward_wall_seconds": 6.634486916940659,
        "logical_adjoint_calls": 0,
        "logical_forward_calls": 1,
        "peak_rss_bytes_after_call": 1249886208
      },
      "support_relative_l2": 0.7877106877179901,
      "support_score_known_before_rotation40_protocol_freeze": true,
      "volume_sha256": "3b2e87b53707475ea1667ab55288f22d8b24c355cadd4e9d24ec651a84fd2e9e"
    },
    {
      "aggregate": {
        "component_mae_px": 0.11782747851547412,
        "component_rmse_px": 0.2054028822439408,
        "measured_vector_rms_px": 0.3027159153727143,
        "predicted_vector_rms_px": 0.08260471879756778,
        "ray_count": 3847050,
        "residual_magnitude_p95_px": 0.617789551735892,
        "vector_relative_l2": 0.9595912440290707
      },
      "candidate_id": "support_cgls4_32cubed",
      "free_interior_value_count": 27000,
      "gates": {
        "all_selected_active_rays_hit_b0": true,
        "outer_boundary_zero": true,
        "prediction_finite": true,
        "single_logical_forward_call": true
      },
      "grid_node_spacing_xyz_m": [
        0.0070967741935483875,
        0.0070967741935483875,
        0.0070967741935483875
      ],
      "grid_shape_zyx": [
        32,
        32,
        32
      ],
      "nominal_grid_value_count": 32768,
      "per_camera": [
        {
          "camera_id": 2,
          "component_mae_px": 0.08626779645161377,
          "component_rmse_px": 0.1434836229265916,
          "measured_vector_rms_px": 0.24620003716473696,
          "predicted_vector_rms_px": 0.09499294312280757,
          "ray_count": 959098,
          "residual_magnitude_p95_px": 0.39392626142275067,
          "vector_relative_l2": 0.8241935616989259
        },
        {
          "camera_id": 3,
          "component_mae_px": 0.12087855300096803,
          "component_rmse_px": 0.21846720346898008,
          "measured_vector_rms_px": 0.31433223490799045,
          "predicted_vector_rms_px": 0.07189901825561579,
          "ray_count": 1643912,
          "residual_magnitude_p95_px": 0.6329537830481519,
          "vector_relative_l2": 0.9829067711429269
        },
        {
          "camera_id": 4,
          "component_mae_px": 0.138126769525801,
          "component_rmse_px": 0.22699689976110604,
          "measured_vector_rms_px": 0.3257023875910911,
          "predicted_vector_rms_px": 0.08551658796470125,
          "ray_count": 1244040,
          "residual_magnitude_p95_px": 0.7322285688839475,
          "vector_relative_l2": 0.9856301534449727
        }
      ],
      "runtime": {
        "candidate_end_to_end_wall_seconds": 6.887510875007138,
        "forward_wall_seconds": 6.658046166994609,
        "logical_adjoint_calls": 0,
        "logical_forward_calls": 1,
        "peak_rss_bytes_after_call": 1284325376
      },
      "support_relative_l2": 0.6271324683999563,
      "support_score_known_before_rotation40_protocol_freeze": true,
      "volume_sha256": "e72a8709d12329a96d6f9a012019f09fe3ceebc11e9c9a3b2daa5bea3835df71"
    }
  ],
  "claim_boundary": {
    "algorithm_superiority": false,
    "compute_fair_comparison": false,
    "cross_session_generalization": false,
    "experimental_field_truth_available": false,
    "field_relative_l2_available": false,
    "final_rotations_opened": false,
    "held_out_rotation_run_not_camera": true,
    "independent_rotation_block_count": 1,
    "neural_operator_trained": false,
    "paper_claim_authorized": false,
    "practical_significance_established": false,
    "real_measurements_used": true,
    "rotation40_development_scored": true,
    "same_physical_cameras_as_support": true
  },
  "comparison": {
    "all_three_cameras_nonworse": false,
    "camera_rows": [
      {
        "absolute_improvement_16_minus_32": -0.061519002957733604,
        "camera_id": 2,
        "nonworse": false,
        "vector_relative_l2_16": 0.7626745587411923,
        "vector_relative_l2_32": 0.8241935616989259
      },
      {
        "absolute_improvement_16_minus_32": -0.11000484612567829,
        "camera_id": 3,
        "nonworse": false,
        "vector_relative_l2_16": 0.8729019250172486,
        "vector_relative_l2_32": 0.9829067711429269
      },
      {
        "absolute_improvement_16_minus_32": -0.14568911539028828,
        "camera_id": 4,
        "nonworse": false,
        "vector_relative_l2_16": 0.8399410380546845,
        "vector_relative_l2_32": 0.9856301534449727
      }
    ],
    "equal_camera_macro_absolute_improvement_16_minus_32": -0.10573765482456676,
    "equal_camera_macro_relative_l2_16": 0.8251725072710417,
    "equal_camera_macro_relative_l2_32": 0.9309101620956085,
    "independent_rotation_block_count": 1,
    "machine_decision": "SUPPORT_RESOLUTION_GAIN_DID_NOT_CLEAR_NUMERICAL_TRANSFER_GATE_NO_GO",
    "minimum_predeclared_numerical_absolute_improvement": 0.01,
    "pooled_absolute_improvement_16_minus_32": -0.11632810100756097,
    "pooled_vector_relative_l2_16": 0.8432631430215097,
    "pooled_vector_relative_l2_32": 0.9595912440290707,
    "pooled_weighting": "RAY_COUNT_WEIGHTED_OVER_ALL_SELECTED_ROWS",
    "practical_significance_established": false,
    "predeclared_numerical_pooled_improvement": false,
    "worst_camera_absolute_improvement_16_minus_32": -0.14568911539028828
  },
  "complexity_context": {
    "algorithm_comparison": false,
    "equal_compute_cost": false,
    "equal_parameter_count": false,
    "free_interior_value_ratio_32_over_16": 9.839650145772595,
    "nominal_grid_value_ratio_32_over_16": 8.0,
    "same_solver_call_budget": true
  },
  "config_sha256": "9b23fc69951b2ad5c5b7f736738d1fea5937b7da152be4beb0f22b0e45ab2889",