manifest_id,manifest_digest,session_id,split,base_seed,geometry_digest,field_count,field_ids_json,packet_digest,fit_digest,calibration_digest,audit_digest,fit_repeats,threshold_calibration_repeats,audit_repeats,target_amplitude_used_for_scale,session_scale_multiplier,scale_minimum,scale_mean,scale_maximum
jacru-n1-2-opened-session-fixture-development-v1,75f5292d96101117b0fc56519ab14caccb7dfe008cccf38d55dc98d2dcad697d,train:1101:da6b2e0a6e4b84ce,train,1101,da6b2e0a6e4b84cedd4444d9dcd71503cd2c20378df2414960e3353b537c407a,2,"[""smooth_no_interface:64e63700fc6b4f7a4657"",""single_interface:512dc1a63cfb031818ec""]",81e2ab6df656225b1783bc1888174408713155ad2c98fd807e8707b3a88cf13a,60664666b4ccfdb7539fbeb8400304f585245e4f86e9167c9070b8d657df82a4,d22d4127377f22c7f90306ce8870dc0af4df94073715d3f43de8b82f0f01ca2f,b5c2384b83d71793163df5905c2f4fff8741e25352b712cb65b20601e33971f9,64,64,256,False,0.6793940837991777,0.0030584799432247047,0.004382091840504696,0.006014338716316793
jacru-n1-2-opened-session-fixture-development-v1,ac139479f44c6702d4538c0da883f7b7d1debe6d163d997c40c3cac4b4aeb79f,development:2101:d7d9a77030834a1d,development,2101,d7d9a77030834a1d7c68fd7cb90ccb77b27a0a5150e300a36906409316802f1c,2,"[""smooth_no_interface:4c9d66cf34fdb094dadd"",""single_interface:6640f706ad4875d3022d""]",54e92621f605fa987f37543b6fbfaa800272f6c21ee3fb2e778997733e6c28e6,08081970ce0fba15776a93dbcfb3202a12377454dc78beb4de1f22446207bd59,1c59c25933b329f06594cf8e0030e93634fb1978795923a83739a71318d7e8fd,7e4a2e9e44cabcf757666a92d6ae52b71cc23d605e8b9e13519bf5c751b2469b,64,64,256,False,1.2030743018448602,0.005415970951388527,0.007759829246899349,0.010650219842553326
jacru-n1-2-opened-session-fixture-development-v1,0a01bc71322ef6137d6f9dcff4470157a2639473b544ce91d10e7c4173552b5a,ood:3109:efb5c7642b3f28db,ood,3109,efb5c7642b3f28db33edc707678c5b671ac1d177550bbaf94383ce396121960b,3,"[""smooth_no_interface:d17936d1c4cf0390fe76"",""single_interface:867a0ee07600693d51fc"",""two_interface:4c31a2bfa00d8fe19668""]",270cef219b39e971fb3bc435395f9eb8472cf5abf8ba523750f290627c0b1461,02207a2ed604e30a34cf22fb69fad124aadf0e5c7ed420ad6493e0d1c4dc5b5b,00911b9f661a1749246739488fc69872e5b340dfa55a6201a65bc1d2b3c75f36,22fa6a742d0f7b3358fe47624b1372d43e6db1692a262524d2c9cfd3105904ec,64,64,256,False,1.4059799100084103,0.006329406537206003,0.009068570419554249,0.01244644251218812
