strategy,independent_field_count,model_seed_count,mean_field_rel_l2,mean_clean_audit_rel_l2,mean_field_superiority_vs_base24_pct,field_superiority_ci95_low,field_superiority_ci95_high,every_domain_mean_nonnegative_vs_base24
base_24,128,3,0.35132814712900046,0.41972212367303047,0.0,0.0,0.0,True
carry_adam_long_cosine,128,3,0.3036995246754183,0.322349662000003,21.681088491972545,20.63814111627473,22.695683752895835,True
carry_adam_restart_cosine,128,3,0.30319603518000804,0.32259459076643304,22.09077331949237,21.038137514292735,23.122716138809714,True
restart_adam_restart_cosine,128,3,0.3041780645629236,0.3219640526998167,20.914659509061387,19.90110825986515,21.91002550346215,True
