strategy,independent_field_count,model_seed_count,mean_field_rel_l2,mean_clean_audit_rel_l2,mean_field_superiority_vs_base24_pct,field_superiority_ci95_low,field_superiority_ci95_high,every_domain_mean_nonnegative_vs_base24
base_24,128,3,0.3781463862202751,0.4683031610911712,0.0,0.0,0.0,True
carry_adam_long_cosine,128,3,0.3729838391494317,0.46394048805814236,2.9581615400312833,2.3956993700283196,3.5409210246675964,True
carry_adam_restart_cosine,128,3,0.3730734199634753,0.4640917514334433,2.791170947637143,2.2587286808609144,3.341865829761379,True
restart_adam_restart_cosine,128,3,0.37419081694679335,0.4649474238976836,2.1614382291741365,1.708375716020848,2.6416084180437416,True
