family,phantom_seed,noise_fraction,rig_name,network_repeat_id,base_model_seed,residual_seed,schema_version,observable,fail_closed_reason,view_count,full_correction_l2,loo_admitted_fraction,negative_cosine_fraction,loo_relative_change_mean,loo_relative_change_std,loo_relative_change_min,loo_relative_change_max,loo_cosine_mean,loo_cosine_std,loo_cosine_min,loo_cosine_max,loo_signed_projection_mean,loo_signed_projection_std,loo_signed_projection_min,loo_signed_projection_max,loo_norm_ratio_mean,loo_norm_ratio_std,loo_norm_ratio_min,loo_norm_ratio_max
smooth_plume,3301,0.02,nominal_six_view,base101_residual307,101,307,gcs-view-influence-features-1.0,True,,6,0.09224582463502884,0.6666666666666666,0.0,0.8778401017189026,0.38460925221443176,0.4317634403705597,1.598760724067688,0.45003828406333923,0.41345906257629395,0.0,0.9060322046279907,0.4935862123966217,0.4442712366580963,0.0,1.0067598819732666,0.7716109156608582,0.5570602416992188,0.0,1.3715331554412842
smooth_plume,3301,0.08,nominal_six_view,base101_residual307,101,307,gcs-view-influence-features-1.0,True,,6,0.11255849152803421,0.8333333333333334,0.0,1.11642587184906,0.3678690493106842,0.6307435631752014,1.6161850690841675,0.4989311993122101,0.2602555453777313,0.0,0.7898953557014465,0.6107359528541565,0.30156663060188293,0.0,0.9383822679519653,1.098914623260498,0.6289619207382202,0.0,1.8678383827209473
wrinkled_density_interface,3401,0.02,nominal_six_view,base101_residual307,101,307,gcs-view-influence-features-1.0,True,,6,0.5117264986038208,0.8333333333333334,0.0,0.8123331069946289,0.4981803297996521,0.31142669916152954,1.6371309757232666,0.7406932711601257,0.34500277042388916,0.0,0.9845550060272217,1.1105024814605713,0.6033266186714172,0.0,2.073322296142578,1.2712846994400024,0.7161759734153748,0.0,2.4138851165771484
wrinkled_density_interface,3401,0.08,nominal_six_view,base101_residual307,101,307,gcs-view-influence-features-1.0,True,,6,0.6141871213912964,0.6666666666666666,0.0,1.1538255214691162,0.7979788780212402,0.2541755735874176,2.456582546234131,0.49825814366340637,0.41467544436454773,0.0,0.9679082036018372,0.774589478969574,0.6583433151245117,0.0,1.9219096899032593,1.1872631311416626,1.052458643913269,0.0,2.571876049041748
