strategy,independent_field_count,model_seed_count,mean_field_rel_l2,mean_clean_audit_rel_l2,mean_field_superiority_vs_base24_pct,field_superiority_ci95_low,field_superiority_ci95_high,every_domain_mean_nonnegative_vs_base24
base_24,128,3,0.37853970388338587,0.46886869810987264,0.0,0.0,0.0,True
carry_adam_long_cosine,128,3,0.3726502975526576,0.46403127117082477,3.3932784918823287,2.7401774979877604,4.062120528963312,True
carry_adam_restart_cosine,128,3,0.3726243841811083,0.46404225718773284,3.462813115955121,2.800367783311411,4.150261831128714,True
restart_adam_restart_cosine,128,3,0.3738326271025775,0.46496232432158047,2.795147606335779,2.2339175431708123,3.3696396156375052,True
