{"algorithm_superiority_claim_authorized":false,"batch_singleton_difference_interpretation":"finite_precision_execution_shape_sensitivity_on_mps_inference_not_proof","diagnostic_repeat_count":3,"diagnostic_runner_sha256":"269d4e75cebbc99d6ec2cbe7500ff19eaeaff9b016db7eed5c8bc7b4a43a95cb","differences_by_metric":{"field_relative_l2":{"maximum_absolute_difference":0.008452057838439941,"mean_absolute_difference":0.0003053204466899236},"front_top10_f1":{"maximum_absolute_difference":0.00975605845451355,"mean_absolute_difference":0.0005867627138892809},"gradient_relative_l2":{"maximum_absolute_difference":0.00695347785949707,"mean_absolute_difference":0.0003071328004201253}},"factor_metric_rows_observed":0,"factor_solver_calls":0,"field_means_by_checkpoint":{"16":{"parent_batch_mean_field_relative_l2":0.4637612495571375,"singleton_mean_field_relative_l2_by_repeat":[0.46426145173609257,0.46389604546129704,0.4640644658356905],"singleton_mean_field_relative_l2_range":0.0003654062747955322},"32":{"parent_batch_mean_field_relative_l2":0.42108878679573536,"singleton_mean_field_relative_l2_by_repeat":[0.4212233517318964,0.42072329577058554,0.4209999842569232],"singleton_mean_field_relative_l2_range":0.0005000559613108635},"4":{"parent_batch_mean_field_relative_l2":0.6287072747945786,"singleton_mean_field_relative_l2_by_repeat":[0.6287072785198689,0.628707280382514,0.628707267343998],"singleton_mean_field_relative_l2_range":1.30385160446167e-08},"8":{"parent_batch_mean_field_relative_l2":0.5491103548556566,"singleton_mean_field_relative_l2_by_repeat":[0.549118896946311,0.549114404246211,0.5491102207452059],"singleton_mean_field_relative_l2_range":8.676201105117798e-06}},"graph_row_count":192,"maximum_absolute_metric_difference":0.00975605845451355,"parent_batch_rows_authorized_as_binding_control":false,"parent_repository_commit":"eea30a7dc231e1e3050983f7ccacd30b716d420f","samplewise_pcgls_reductions_verified_from_source":true,"schema_version":"psu-b0-gate-b-graph-path-diagnostic-1.0","single_sample_exact_k_graph_authorized_for_future_development_protocol":true,"singleton_repeat_variability":{"field_relative_l2":{"maximum_row_range":0.005471408367156982,"mean_row_range":0.0003620076458901167},"front_top10_f1":{"maximum_row_range":0.007317066192626953,"mean_row_range":0.0006478196009993553},"gradient_relative_l2":{"maximum_row_range":0.006088703870773315,"mean_row_range":0.000376217532902956}},"source_config_sha256":"3b0623f9644cb8ea2bd4a35e6abfbc4b2f646757f706ee6d5247b20b94875719","status":"POSTDIAGNOSTIC_GRAPH_PATH_NONBINDING_ONLY"}
