family,phantom_seed,noise_fraction,rig_name,network_repeat_id,base_model_seed,residual_seed,base_best_step,residual_selected_step,residual_admitted,normalized_development_improvement,worst_renderer_relative_change,mean_renderer_relative_change,normalized_total_l2_change,normalized_total_h1_change,normalized_total_huber_change,selected_normalized_residual_l2,selected_normalized_residual_h1,correction_l2,maximum_source_observable_absolute_difference,source_difference_normalized_development_improvement,source_difference_worst_renderer_relative_change,source_difference_mean_renderer_relative_change,source_difference_normalized_total_l2_change,source_difference_normalized_total_h1_change,source_difference_normalized_total_huber_change,source_difference_selected_normalized_residual_l2,source_difference_selected_normalized_residual_h1
smooth_plume,3301,0.02,nominal_six_view,base101_residual307,101,307,220,240,True,0.29014093943042674,-0.0997026700153506,-0.29014093943042674,-0.030234336853027344,0.06554138660430908,0.02089044451713562,0.00033911969512701035,0.004843445494771004,0.09224582463502884,0.0,0.0,0.0,0.0,0.0,0.0,0.0,0.0,0.0
smooth_plume,3301,0.08,nominal_six_view,base101_residual307,101,307,100,100,True,0.06316168346630013,-0.00410763518363888,-0.06316168346630013,-0.01937931776046753,-0.054099857807159424,-0.01757487654685974,0.0002073878567898646,0.004630180075764656,0.11255849152803421,0.0,0.0,0.0,0.0,0.0,0.0,0.0,0.0,0.0
wrinkled_density_interface,3401,0.02,nominal_six_view,base101_residual307,101,307,240,240,True,0.1792395125210513,-0.005726428831264951,-0.1792395125210512,-0.09195464849472046,0.05236995220184326,0.005110681056976318,0.0032816524617373943,0.019556446000933647,0.5117264986038208,0.0,0.0,0.0,0.0,0.0,0.0,0.0,0.0,0.0
wrinkled_density_interface,3401,0.08,nominal_six_view,base101_residual307,101,307,200,80,True,0.13895748510844452,-0.0036289590271755268,-0.1389574851084444,-0.08541315793991089,0.18771827220916748,0.023921966552734375,0.0027217124588787556,0.045573800802230835,0.6141871213912964,0.0,0.0,0.0,0.0,0.0,0.0,0.0,0.0,0.0
