{
  "experiment": "M3B crossed rank-noise-view-dynamics interaction sweep",
  "design": "5 ranks x 5 noise levels x 4 view counts x 4 dynamics x paired seeds",
  "seed_count": 8,
  "factor_levels": {
    "rank": [
      1,
      2,
      3,
      5,
      8
    ],
    "noise_multiplier": [
      0.0,
      0.07,
      0.14,
      0.28,
      0.42
    ],
    "view_count": [
      3,
      5,
      7,
      9
    ],
    "dynamics": [
      "smooth",
      "fast",
      "chirp",
      "transient"
    ]
  },
  "observation_cells": 640,
  "environment_cells": 80,
  "framewise_rows": 640,
  "lowrank_rows": 3200,
  "method_rows": 3840,
  "paired_rows": 3200,
  "runtime_seconds": 281.9053180000046,
  "ci_method": "paired mean +/- Student-t 95% CI; t=2.365 for n=8",
  "rank_selection": {
    "environment_cell_count": 80,
    "best_rank_counts": {
      "1": 0,
      "2": 27,
      "3": 20,
      "5": 24,
      "8": 9
    },
    "regret_by_rank": {
      "1": {
        "mean_pct": 14.100243750806143,
        "median_pct": 12.949850254046247,
        "p95_pct": 27.290815315055138,
        "max_pct": 27.90329500823347
      },
      "2": {
        "mean_pct": 2.2517630948463303,
        "median_pct": 1.6010427667630376,
        "p95_pct": 6.279161593146389,
        "max_pct": 6.9693967125536656
      },
      "3": {
        "mean_pct": 0.7897254484649514,
        "median_pct": 0.4855018401365242,
        "p95_pct": 2.206475118516607,
        "max_pct": 2.515784459033726
      },
      "5": {
        "mean_pct": 1.8050619606443732,
        "median_pct": 0.4308484019939695,
        "p95_pct": 6.937387909378686,
        "max_pct": 7.637372962183404
      },
      "8": {
        "mean_pct": 4.0964847925911485,
        "median_pct": 1.3940638797720155,
        "p95_pct": 13.700793311175547,
        "max_pct": 14.58326942058018
      }
    },
    "robust_rank_by_mean_regret": 3,
    "robust_rank_by_p95_regret": 3,
    "global_best_rank_by_mean_field_l2": 3,
    "global_mean_field_l2_by_rank": {
      "1": 0.4103799555680336,
      "2": 0.3728395518383322,
      "3": 0.36908139920637045,
      "5": 0.373481011980187,
      "8": 0.38190154659621195
    },
    "field_positive_win_rate_by_rank": {
      "1": 0.35,
      "2": 0.634375,
      "3": 0.7609375,
      "5": 0.8875,
      "8": 0.9
    },
    "best_rank_counts_by_noise": {
      "0.0": {
        "1": 0,
        "2": 4,
        "3": 0,
        "5": 3,
        "8": 9
      },
      "0.07": {
        "1": 0,
        "2": 4,
        "3": 0,
        "5": 12,
        "8": 0
      },
      "0.14": {
        "1": 0,
        "2": 4,
        "3": 3,
        "5": 9,
        "8": 0
      },
      "0.28": {
        "1": 0,
        "2": 4,
        "3": 12,
        "5": 0,
        "8": 0
      },
      "0.42": {
        "1": 0,
        "2": 11,
        "3": 5,
        "5": 0,
        "8": 0
      }
    },
    "best_rank_counts_by_views": {
      "3": {
        "1": 0,
        "2": 20,
        "3": 0,
        "5": 0,
        "8": 0
      },
      "5": {
        "1": 0,
        "2": 4,
        "3": 7,
        "5": 8,
        "8": 1
      },
      "7": {
        "1": 0,
        "2": 3,
        "3": 5,
        "5": 8,
        "8": 4
      },
      "9": {
        "1": 0,
        "2": 0,
        "3": 8,
        "5": 8,
        "8": 4
      }
    },
    "best_rank_counts_by_dynamics": {
      "smooth": {
        "1": 0,
        "2": 7,
        "3": 5,
        "5": 6,
        "8": 2
      },
      "fast": {
        "1": 0,
        "2": 6,
        "3": 6,
        "5": 6,
        "8": 2
      },
      "chirp": {
        "1": 0,
        "2": 7,
        "3": 5,
        "5": 6,
        "8": 2
      },
      "transient": {
        "1": 0,
        "2": 7,
        "3": 4,
        "5": 6,
        "8": 3
      }
    }
  },
  "default_rank3_cell": {
    "rank": 3,
    "noise_level": 0.14,
    "view_count": 5,
    "dynamics": "smooth",
    "seed_count": 8,
    "rel_l2_global_improvement_pct_mean": 3.9022125361669495,
    "rel_l2_global_improvement_pct_std": 0.13476180053584266,
    "rel_l2_global_improvement_pct_ci95": 0.11268158740199737,
    "rel_l2_global_improvement_pct_win_rate": 1.0,
    "paper_l2_squared_improvement_pct_mean": 7.651993539023754,
    "paper_l2_squared_improvement_pct_std": 0.2589134267420779,
    "paper_l2_squared_improvement_pct_ci95": 0.21649143755116615,
    "paper_l2_squared_improvement_pct_win_rate": 1.0,
    "temporal_gradient_rel_l2_improvement_pct_mean": 44.67779698887579,
    "temporal_gradient_rel_l2_improvement_pct_std": 0.8316591377275254,
    "temporal_gradient_rel_l2_improvement_pct_ci95": 0.6953949223288176,
    "temporal_gradient_rel_l2_improvement_pct_win_rate": 1.0,
    "temporal_curvature_rel_l2_improvement_pct_mean": 73.19420559549661,
    "temporal_curvature_rel_l2_improvement_pct_std": 0.6943859816539345,
    "temporal_curvature_rel_l2_improvement_pct_ci95": 0.580613455529253,
    "temporal_curvature_rel_l2_improvement_pct_win_rate": 1.0,
    "centroid_rmse_improvement_pct_mean": 2.9021181494881203,
    "centroid_rmse_improvement_pct_std": 0.24729747382269068,
    "centroid_rmse_improvement_pct_ci95": 0.20677871473996204,
    "centroid_rmse_improvement_pct_win_rate": 1.0,
    "mass_trace_rmse_improvement_pct_mean": -0.9355520524720258,
    "mass_trace_rmse_improvement_pct_std": 0.21625755275878122,
    "mass_trace_rmse_improvement_pct_ci95": 0.18082456776057565,
    "mass_trace_rmse_improvement_pct_win_rate": 0.0,
    "heldout_reprojection_rel_l2_improvement_pct_mean": 9.228733814755802,
    "heldout_reprojection_rel_l2_improvement_pct_std": 1.1269947789516386,
    "heldout_reprojection_rel_l2_improvement_pct_ci95": 0.942340931785471,
    "heldout_reprojection_rel_l2_improvement_pct_win_rate": 1.0,
    "dynamics_energy_closeness_gain_mean": 0.39096105617084037,
    "dynamics_energy_closeness_gain_std": 0.01886220713241434,
    "dynamics_energy_closeness_gain_ci95": 0.01577170558076971,
    "dynamics_energy_closeness_gain_win_rate": 1.0,
    "lowrank_rel_l2_global_mean": 0.3551427878090509,
    "lowrank_rel_l2_global_std": 0.0005190823699507903,
    "lowrank_rel_l2_global_ci95": 0.0004340326799276403,
    "lowrank_temporal_gradient_rel_l2_mean": 0.7172081636671657,
    "lowrank_temporal_gradient_rel_l2_std": 0.0011888382707564728,
    "lowrank_temporal_gradient_rel_l2_ci95": 0.0009940516005309341,
    "lowrank_mass_trace_rmse_mean": 0.15854052689283393,
    "lowrank_mass_trace_rmse_std": 0.0005202045012518278,
    "lowrank_mass_trace_rmse_ci95": 0.0004349709542440387,
    "lowrank_heldout_reprojection_rel_l2_mean": 0.26688239959966065,
    "lowrank_heldout_reprojection_rel_l2_std": 0.0031062485676991176,
    "lowrank_heldout_reprojection_rel_l2_ci95": 0.0025973014465655126
  },
  "rank3_negative_field_cells": {
    "count": 19,
    "out_of": 80,
    "cells": [
      {
        "noise_level": 0.0,
        "view_count": 5,
        "dynamics": "chirp",
        "field_improvement_pct": -0.4554662624540507
      },
      {
        "noise_level": 0.0,
        "view_count": 5,
        "dynamics": "fast",
        "field_improvement_pct": -0.6256362293180013
      },
      {
        "noise_level": 0.0,
        "view_count": 5,
        "dynamics": "smooth",
        "field_improvement_pct": -0.5587322394414111
      },
      {
        "noise_level": 0.0,
        "view_count": 5,
        "dynamics": "transient",
        "field_improvement_pct": -0.821940778960595
      },
      {
        "noise_level": 0.0,
        "view_count": 7,
        "dynamics": "chirp",
        "field_improvement_pct": -1.354723245814543
      },
      {
        "noise_level": 0.0,
        "view_count": 7,
        "dynamics": "fast",
        "field_improvement_pct": -1.6704914823009587
      },
      {
        "noise_level": 0.0,
        "view_count": 7,
        "dynamics": "smooth",
        "field_improvement_pct": -1.574582909269524
      },
      {
        "noise_level": 0.0,
        "view_count": 7,
        "dynamics": "transient",