model_seed,comparison,independent_field_count,domain_equal_mean_field_superiority_pct
20260901,adapter_vs_continued_fno,128,-5.389165926276821
20260901,adapter_vs_base_fno,128,2.0628105327201167
20260901,continued_fno_vs_base_fno,128,6.763040997379256
20260902,adapter_vs_continued_fno,128,-3.6692250187692945
20260902,adapter_vs_base_fno,128,1.4346906661127967
20260902,continued_fno_vs_base_fno,128,4.758207796610058
20260903,adapter_vs_continued_fno,128,-5.897722613342124
20260903,adapter_vs_base_fno,128,0.7489758351707128
20260903,continued_fno_vs_base_fno,128,5.9591001189654245
