model_seed,method,phase,trainable_parameters,total_parameters,epochs_ran,best_epoch,best_val_rel_l2,train_seconds,device
20260901,base_fno,base,44203,44203,24,22,0.1646462269127369,4.928946958039887,mps
20260901,continued_fno,additional,44203,44203,12,11,0.1442403569817543,2.2540872499812394,mps
20260901,zero_init_adapter,additional,4988,49191,12,11,0.15882135555148125,16.738679750007577,mps
20260902,base_fno,base,44203,44203,24,24,0.1511726826429367,4.695825917064212,mps
20260902,continued_fno,additional,44203,44203,12,10,0.1368332114070654,2.207523666904308,mps
20260902,zero_init_adapter,additional,4988,49191,12,10,0.1469518095254898,17.96016995899845,mps
20260903,base_fno,base,44203,44203,24,24,0.1513348203152418,5.190305916941725,mps
20260903,continued_fno,additional,44203,44203,12,10,0.13381916098296642,2.712023291969672,mps
20260903,zero_init_adapter,additional,4988,49191,12,12,0.1504893023520708,16.79315720894374,mps
