total_budget,method,independent_field_count,model_seed_count,source_domain_count,classical_champion,mean_field_rel_l2,mean_audit_reprojection_rel_l2,mean_improvement_vs_classical_pct,median_improvement_vs_classical_pct,p10_improvement_vs_classical_pct,harm_rate_gt_1pct_vs_classical,improvement_ci95_cluster_low,improvement_ci95_cluster_high
6,base_fno,128,3,4,ridge,0.3513873594541413,0.41977844889819005,26.786745932821006,15.694704357067442,5.023815386709154,0.0,24.61923353537939,28.871851996536854
6,continued_fno,128,3,4,ridge,0.3376229255033346,0.39375309863438207,30.31666831630199,17.88723054801453,6.587111409189212,0.0,28.343077203035964,32.265413897496586
6,zero_init_adapter,128,3,4,ridge,0.34718844341114163,0.4155877445397588,27.764182311696754,16.21774911470707,6.029865484707941,0.0,25.692513614275136,29.778606682698744
