model_seed,base_checkpoint_sha256,continued_start_sha256,adapter_base_start_sha256,continued_and_adapter_same_start,maximum_initial_output_difference,maximum_adapter_base_drift_after_training,maximum_continued_fno_drift_after_training
20260901,b1f894cec4837c75f1111621c7739b99eb1531b9472f845b19cf07ac7ba28dee,b1f894cec4837c75f1111621c7739b99eb1531b9472f845b19cf07ac7ba28dee,b1f894cec4837c75f1111621c7739b99eb1531b9472f845b19cf07ac7ba28dee,True,0.0,0.0,0.11923518031835556
20260902,f39aeb52176167c1fd4674e3ecfab5c12464922998fd8a2675e5b25a42102da0,f39aeb52176167c1fd4674e3ecfab5c12464922998fd8a2675e5b25a42102da0,f39aeb52176167c1fd4674e3ecfab5c12464922998fd8a2675e5b25a42102da0,True,0.0,0.0,0.10189297050237656
20260903,ac3e53b20e03dec1bb01fae69a7ee34837990a8aa08efcc2312fdf6edb5e7af1,ac3e53b20e03dec1bb01fae69a7ee34837990a8aa08efcc2312fdf6edb5e7af1,ac3e53b20e03dec1bb01fae69a7ee34837990a8aa08efcc2312fdf6edb5e7af1,True,0.0,0.0,0.0970890074968338
