{
  "cal_hosvd_relative_improvement_over_full_matrix_ridge": -0.6998799242126903,
  "claim_ceiling": "Truth-side calibrated geometry is supplied. No deployable calibration estimator, fresh validation, inverse reconstruction, experimental, OERF, or publication superiority claim is authorized.",
  "config_sha256": "d486661ecc0a92a74cbce1cd3cc9940b1fba83191774c2c83364e46ee3679501",
  "decision": "CALIBRATED_RENDERER_LOW_RANK_NO_GO_POSTOPEN",
  "development_summary": {
    "cal_hosvd_ridge": {
      "mean_probe_forward_relative_error": 0.05173936557894074,
      "mean_probe_gradient_cosine": 0.9986607343404957,
      "mean_relative_operator_error": 0.1262841507038989,
      "mean_relative_renderer_residual_error": 0.8094046155382207,
      "worst_probe_gradient_cosine": 0.997399554030348,
      "worst_relative_renderer_residual_error": 0.8590065916149757
    },
    "full_matrix_geometry_ridge": {
      "mean_probe_forward_relative_error": 0.020370785284664326,
      "mean_probe_gradient_cosine": 0.9994382818709876,
      "mean_relative_operator_error": 0.0741688843786991,
      "mean_relative_renderer_residual_error": 0.47615399417879556,
      "worst_probe_gradient_cosine": 0.9987123235322652,
      "worst_relative_renderer_residual_error": 0.5616120662612788
    },
    "mean_renderer_residual": {
      "mean_probe_forward_relative_error": 0.026240344436808307,
      "mean_probe_gradient_cosine": 0.9991124351678043,
      "mean_relative_operator_error": 0.09085994029585805,
      "mean_relative_renderer_residual_error": 0.5838002264352703,
      "worst_probe_gradient_cosine": 0.9976734779546214,
      "worst_relative_renderer_residual_error": 0.6681141014980093
    },
    "nearest_calibrated_geometry": {
      "mean_probe_forward_relative_error": 0.028835316333198368,
      "mean_probe_gradient_cosine": 0.9988691949715657,
      "mean_relative_operator_error": 0.0996054910778702,
      "mean_relative_renderer_residual_error": 0.6396214628963605,
      "worst_probe_gradient_cosine": 0.9974956982814255,
      "worst_relative_renderer_residual_error": 0.8331736003180341
    },
    "oracle_shared_subspace": {
      "mean_probe_forward_relative_error": 0.05141803043654259,
      "mean_probe_gradient_cosine": 0.9988826176201907,
      "mean_relative_operator_error": 0.12386120815381453,
      "mean_relative_renderer_residual_error": 0.793751519246989,
      "worst_probe_gradient_cosine": 0.9982363583516358,
      "worst_relative_renderer_residual_error": 0.8316284685221385
    },
    "zero_calibrated_low_renderer": {
      "mean_probe_forward_relative_error": 0.07705633194019462,
      "mean_probe_gradient_cosine": 0.9956988681730806,
      "mean_relative_operator_error": 0.1562318699457381,
      "mean_relative_renderer_residual_error": 1.0,
      "worst_probe_gradient_cosine": 0.9930572266355325,
      "worst_relative_renderer_residual_error": 1.0
    }
  },
  "diagnostic_reference_rule": {
    "maximum_oracle_shared_subspace_error": 0.5,
    "minimum_relative_improvement_over_full_matrix_ridge": 0.1
  },
  "evidence_label": "post_v5t_oracle_calibrated_renderer_residual_diagnosis_only",
  "geometry_alignment_effect": {
    "mean_calibrated_residual_to_raw_discrepancy_norm_ratio": 0.9161063643816325,
    "mean_fraction_raw_discrepancy_norm_removed": 0.08389363561836738
  },
  "limitations": [
    "The same rigs and mismatch generator were already opened in v5s/v5t.",
    "Truth-side geometry is supplied; no calibration inference is tested.",
    "Training uses complete residual matrices rather than limited probes.",
    "The renderer is a prescribed linear weak-BOST surrogate.",
    "No inverse reconstruction or real data is evaluated."
  ],
  "oracle_firewall": {
    "calibration_estimator_trained": false,
    "interpretation": "This diagnostic conditions both low and high renderers on the same truth-side geometry to isolate renderer fidelity residuals.",
    "truth_calibrated_geometry_used": true
  },
  "raw_v5s_singular_energy": {
    "measurement_first_16": 0.33959743818776816,
    "measurement_first_4": 0.11344324034825315,
    "voxel_first_16": 0.3835814121481697,
    "voxel_first_4": 0.12647781494451485
  },
  "reproduced_v5s_manifest_sha256": "982eadadf626da3762e390e6d572a4c1a7d049ef83069b0be3ddd9a3f3ce5af0",
  "sample_accounting": {
    "design_lock_rigs": 0,
    "development_rigs": 12,
    "probe_fields": 9,
    "train_rigs": 30
  },
  "schema": "v5u-calibrated-renderer-residual-postopen-screen-1",
  "selected_development_hyperparameters": {
    "full_matrix_ridge": 1.0,
    "rank_measurement": 24,
    "rank_voxel": 24,
    "relative_ridge": 1.0
  },
  "singular_energy": {
    "measurement_first_16": 0.3427569098712573,
    "measurement_first_4": 0.11546777335647354,
    "voxel_first_16": 0.383681485704553,
    "voxel_first_4": 0.12813682751931682
  },
  "source_config_sha256": "e2ea5216915d2dcaa48043647766b1499c62fc19b816f726257930c6217d05b6",
  "source_provenance": {
    "diagnosis_config": "5df8b8e37cabb982a2f373ebd4bc55b39750d80b4d16728c0de77c8aec2f732d",
    "finite_aperture_renderer": "faaa771fe3b72084d87fd2ce08e3702978acd93a673ba5f355e28fddfec63020",
    "runner": "19ce6e2a22ea07a199a05327f117deec801f237a48bde6a3715c8e04c6d07fd4",
    "source_config": "3ad750a7cb539c88f9ee9c0750163e3a0755d258df2f7dcfbb10a37d6d08fd05"
  }
}
