{
  "aggregate": {
    "component_mae_px": 0.11782747851547412,
    "component_rmse_px": 0.2054028822439408,
    "measured_vector_rms_px": 0.3027159153727143,
    "predicted_vector_rms_px": 0.08260471879756778,
    "ray_count": 3847050,
    "residual_magnitude_p95_px": 0.617789551735892,
    "vector_relative_l2": 0.9595912440290707
  },
  "claim_boundary": {
    "algorithm_superiority": false,
    "candidate_compared": false,
    "development_rotation40_scored": true,
    "experimental_field_truth_available": false,
    "field_relative_l2_available": false,
    "final_rotations_opened": false,
    "frozen_b0_baseline_only": true
  },
  "config_sha256": "17063b5d87a2d67e715c7c90db83555e15de86330489c59d57877018d8b30f4c",
  "dataset": {
    "camera_ids": [
      2,
      3,
      4
    ],
    "doi": "10.26208/1VE2-5C19",
    "rotation_degrees": 40
  },
  "evidence_scope": "FROZEN_SUPPORT_FIELD_TO_REAL_ROTATION40_DEVELOPMENT_REPROJECTION_NO_FIELD_TRUTH_NO_CANDIDATE_COMPARISON",
  "forward": {
    "chunk_rays": 32768,
    "device": "cpu",
    "dtype": "float64",
    "finite_aperture_sample_count": 16,
    "gauge": "zero_one_voxel_outer_boundary",
    "grid_maximum_xyz_m": [
      0.11,
      0.11,
      0.11
    ],
    "grid_minimum_xyz_m": [
      -0.11,
      -0.11,
      -0.11
    ],
    "grid_shape_zyx": [
      32,
      32,
      32
    ],
    "torch_threads": 8
  },
  "gates": {
    "all_selected_active_rays_hit_b0": true,
    "final_rotations_unopened": true,
    "prediction_finite": true,
    "single_logical_forward_call": true
  },
  "per_camera": [
    {
      "camera_id": 2,
      "component_mae_px": 0.08626779645161377,
      "component_rmse_px": 0.1434836229265916,
      "measured_vector_rms_px": 0.24620003716473696,
      "predicted_vector_rms_px": 0.09499294312280757,
      "ray_count": 959098,
      "residual_magnitude_p95_px": 0.39392626142275067,
      "vector_relative_l2": 0.8241935616989259
    },
    {
      "camera_id": 3,
      "component_mae_px": 0.12087855300096803,
      "component_rmse_px": 0.21846720346898008,
      "measured_vector_rms_px": 0.31433223490799045,
      "predicted_vector_rms_px": 0.07189901825561579,
      "ray_count": 1643912,
      "residual_magnitude_p95_px": 0.6329537830481519,
      "vector_relative_l2": 0.9829067711429269
    },
    {
      "camera_id": 4,
      "component_mae_px": 0.138126769525801,
      "component_rmse_px": 0.22699689976110604,
      "measured_vector_rms_px": 0.3257023875910911,
      "predicted_vector_rms_px": 0.08551658796470125,
      "ray_count": 1244040,
      "residual_magnitude_p95_px": 0.7322285688839475,
      "vector_relative_l2": 0.9856301534449727
    }
  ],
  "public_export_policy": {
    "contains_geometry_arrays": false,
    "contains_measurements": false,
    "contains_only_aggregate_metrics": true,
    "contains_predictions": false
  },
  "runtime": {
    "adjoint_calls": 0,
    "forward_calls": 1,
    "records": [
      {
        "b0_hit_count": 3847050,
        "chunk_count": 119,
        "max_rss_bytes_after_call": 1277542400,
        "operation": "forward",
        "ray_count": 3847050,
        "wall_seconds": 6.979698624985758
      }
    ]
  },
  "schema_version": "psu-rotation40-b0-reprojection-public-1.0",
  "selection": {
    "camera_rows": [
      {
        "available_active_ray_count": 959098,
        "camera_id": 2,
        "selected_ray_count": 959098
      },
      {
        "available_active_ray_count": 1643912,
        "camera_id": 3,
        "selected_ray_count": 1643912
      },
      {
        "available_active_ray_count": 1244040,
        "camera_id": 4,
        "selected_ray_count": 1244040
      }
    ],
    "chunk_rays": 32768,
    "contains_local_paths": false,
    "contains_measurement_values": false,
    "sample_count_per_ray": 16,
    "selection_mode": "all_rotation40_active_rows",
    "total_ray_count": 3847050
  },
  "status": "ROTATION40_FROZEN_SUPPORT_B0_REAL_REPROJECTION_SCORED_NO_FIELD_TRUTH"
}
