{
  "author_transform": {
    "active_mask": "clip(typevector_new_minus_ambient,0,1)",
    "ambient_mask": "one_minus_typevector_free",
    "excluded_mask": "complement_of_active_union_ambient",
    "u_px": "u_new",
    "v_px": "negative_v_new"
  },
  "camera_rows": [
    {
      "active": {
        "magnitude_p95_px": 1.3540211197291339,
        "pixel_count": 1213780,
        "u_mean_px": -0.045689292762153395,
        "u_rms_px": 0.30181124180217056,
        "v_mean_px": -0.12131981247348915,
        "v_rms_px": 0.5362715687377387,
        "vector_rms_px": 0.61536754961129
      },
      "ambient": {
        "magnitude_p95_px": 0.34808466486723044,
        "pixel_count": 3190748,
        "u_mean_px": -0.0025921836128457794,
        "u_rms_px": 0.18951883635080308,
        "v_mean_px": 0.00518800186855114,
        "v_rms_px": 0.09667105004699446,
        "vector_rms_px": 0.21275027908078287
      },
      "camera_id": 1,
      "excluded_pixel_count": 1125072,
      "image_shape_hw": [
        2160,
        2560
      ],
      "pixel_count": 5529600,
      "source_mask_one_fraction": {
        "typevector_free": 0.42296947337962965,
        "typevector_new": 0.7793787977430555
      }
    },
    {
      "active": {
        "magnitude_p95_px": 0.5451471545885661,
        "pixel_count": 959098,
        "u_mean_px": 0.020181544102159187,
        "u_rms_px": 0.1270302991296823,
        "v_mean_px": -0.026023030976622473,
        "v_rms_px": 0.2108975139517851,
        "vector_rms_px": 0.24620003714057387
      },
      "ambient": {
        "magnitude_p95_px": 0.3725621879476546,
        "pixel_count": 3215168,
        "u_mean_px": -0.005117009558134936,
        "u_rms_px": 0.14487036938367656,
        "v_mean_px": 0.003011787691399839,
        "v_rms_px": 0.09921761944712901,
        "vector_rms_px": 0.1755891794334668
      },
      "camera_id": 2,
      "excluded_pixel_count": 1355334,
      "image_shape_hw": [
        2160,
        2560
      ],
      "pixel_count": 5529600,
      "source_mask_one_fraction": {
        "typevector_free": 0.41855324074074074,
        "typevector_new": 0.5210465494791666
      }
    },
    {
      "active": {
        "magnitude_p95_px": 0.6367871875277441,
        "pixel_count": 1643912,
        "u_mean_px": 0.024314346592935358,
        "u_rms_px": 0.16363689052013677,
        "v_mean_px": -0.05391105015394397,
        "v_rms_px": 0.2683798091919753,
        "vector_rms_px": 0.3143322349378445
      },
      "ambient": {
        "magnitude_p95_px": 0.2686748698818374,
        "pixel_count": 2999332,
        "u_mean_px": -0.00312138553269887,
        "u_rms_px": 0.1643937862512683,
        "v_mean_px": -0.0029269993640072085,
        "v_rms_px": 0.07625846712237465,
        "vector_rms_px": 0.18121995134609764
      },
      "camera_id": 3,
      "excluded_pixel_count": 886356,
      "image_shape_hw": [
        2160,
        2560
      ],
      "pixel_count": 5529600,
      "source_mask_one_fraction": {
        "typevector_free": 0.45758608217592595,
        "typevector_new": 0.8230557364004629
      }
    },
    {
      "active": {
        "magnitude_p95_px": 0.7303817243961455,
        "pixel_count": 1244040,
        "u_mean_px": 0.037356156652101465,
        "u_rms_px": 0.15664783735269638,
        "v_mean_px": -0.060466104324540755,
        "v_rms_px": 0.28555822579196655,
        "vector_rms_px": 0.32570238756375824
      },
      "ambient": {
        "magnitude_p95_px": 0.36768246708251495,
        "pixel_count": 3355170,
        "u_mean_px": -0.002460130867323824,
        "u_rms_px": 0.17147272896639376,
        "v_mean_px": 0.0005214739697683153,
        "v_rms_px": 0.11984992291152893,
        "vector_rms_px": 0.20920540337448687
      },
      "camera_id": 4,
      "excluded_pixel_count": 930390,
      "image_shape_hw": [
        2160,
        2560
      ],
      "pixel_count": 5529600,
      "source_mask_one_fraction": {
        "typevector_free": 0.3932345920138889,
        "typevector_new": 0.8136973741319444
      }
    },
    {
      "active": {
        "magnitude_p95_px": 1.2744398933155694,
        "pixel_count": 1289512,
        "u_mean_px": -0.013047380801381677,
        "u_rms_px": 0.24769574809031164,
        "v_mean_px": -0.08469178405636006,
        "v_rms_px": 0.452042899564556,
        "vector_rms_px": 0.5154570463857783
      },
      "ambient": {
        "magnitude_p95_px": 0.4269527920323756,
        "pixel_count": 3182200,
        "u_mean_px": -0.004715584577591959,
        "u_rms_px": 0.22265459909536725,
        "v_mean_px": -0.0008561908107993335,
        "v_rms_px": 0.12489648981248905,
        "vector_rms_px": 0.2552923885778812
      },
      "camera_id": 5,
      "excluded_pixel_count": 1057888,
      "image_shape_hw": [
        2160,
        2560
      ],
      "pixel_count": 5529600,
      "source_mask_one_fraction": {
        "typevector_free": 0.42451533564814814,
        "typevector_new": 0.7915511067708333
      }
    },
    {
      "active": {
        "magnitude_p95_px": 1.0973931126308023,
        "pixel_count": 1081628,
        "u_mean_px": 0.024873688578914126,
        "u_rms_px": 0.24993823809387467,
        "v_mean_px": -0.07906962121075042,
        "v_rms_px": 0.42192781982883604,
        "vector_rms_px": 0.49040004894676054
      },
      "ambient": {
        "magnitude_p95_px": 0.7731876418757025,
        "pixel_count": 3178654,
        "u_mean_px": -0.0031066965094571635,
        "u_rms_px": 0.30099325726953435,
        "v_mean_px": 0.0009597868363884143,
        "v_rms_px": 0.21804775254080003,
        "vector_rms_px": 0.37167427044364815
      },
      "camera_id": 6,
      "excluded_pixel_count": 1269318,
      "image_shape_hw": [
        2160,
        2560
      ],
      "pixel_count": 5529600,
      "source_mask_one_fraction": {
        "typevector_free": 0.42515661168981483,
        "typevector_new": 0.7526875361689814
      }
    },
    {
      "active": {
        "magnitude_p95_px": 1.4188950113708687,
        "pixel_count": 1368624,
        "u_mean_px": 0.005816650556871928,
        "u_rms_px": 0.36186540505094855,
        "v_mean_px": -0.061421539981734705,
        "v_rms_px": 0.49214023408986973,
        "vector_rms_px": 0.6108588882734857
      },
      "ambient": {
        "magnitude_p95_px": 0.34442533086229055,
        "pixel_count": 3132202,
        "u_mean_px": -0.004629924662855568,
        "u_rms_px": 0.21476003145866956,
        "v_mean_px": 0.004023016834141812,
        "v_rms_px": 0.08359504695146729,
        "vector_rms_px": 0.2304560760469265
      },
      "camera_id": 7,
      "excluded_pixel_count": 1028774,
      "image_shape_hw": [
        2160,
        2560
      ],
      "pixel_count": 5529600,
      "source_mask_one_fraction": {
        "typevector_free": 0.4335572193287037,
        "typevector_new": 0.7930441623263889
      }
    }
  ],
  "claim_boundary": {
    "algorithm_superiority": false,
    "camera_geometry_available": false,
    "experimental_field_truth_available": false,
    "final_rotations_opened": false,
    "real_measurement_values_interpreted": true,
    "reprojection_scored": false,
    "rotation40_is_development_only": true
  },
  "dataset": {
    "camera_count": 7,
    "doi": "10.26208/1VE2-5C19",
    "image_shape_hw": [
      2160,
      2560
    ],
    "pixel_count_per_camera": 5529600,
    "rotation_degrees": 40
  },
  "evidence_scope": "REAL_ROTATION40_DISPLACEMENT_AND_AUTHOR_MASK_SEMANTICS_NO_GEOMETRY_NO_REPROJECTION_NO_FIELD_TRUTH",
  "missing_for_reprojection": [
    "rotation40_camera_extrinsics",
    "rotation40_background_extrinsics",
    "rotation40_per_pixel_ray_directions",
    "camera_system_constants_bound_to_the_same_rows"
  ],
  "private_sharded_camera_ids": [
    2,
    3,
    4
  ],
  "public_export_policy": {
    "contains_local_paths": false,
    "contains_masks": false,
    "contains_measurement_arrays": false,
    "contains_only_aggregate_camera_statistics": true
  },