{
  "best_cheap_baseline": "full_matrix_geometry_ridge",
  "build_timing": {
    "boundary": "Local CPU construction timing only; no runtime superiority claim.",
    "mean_nominal_operator_seconds": 0.3864665485716181,
    "mean_truth_operator_seconds": 0.3112979027847316
  },
  "claim_ceiling": "No inverse reconstruction, design lock, experimental, OERF, or publication superiority claim is authorized.",
  "config_sha256": "e2ea5216915d2dcaa48043647766b1499c62fc19b816f726257930c6217d05b6",
  "decision": "GC_BILOC_DEVELOPMENT_NO_GO",
  "development_summary": {
    "full_matrix_geometry_ridge": {
      "mean_probe_forward_relative_error": 0.03013101577477352,
      "mean_probe_gradient_cosine": 0.9990692601468792,
      "mean_relative_discrepancy_error": 0.5216975051327143,
      "mean_relative_operator_error": 0.08902144538686085,
      "worst_probe_gradient_cosine": 0.9969199195175278,
      "worst_relative_discrepancy_error": 0.6723143327864979
    },
    "gc_biloc_ridge": {
      "mean_probe_forward_relative_error": 0.05793629768657744,
      "mean_probe_gradient_cosine": 0.9977405649723976,
      "mean_relative_discrepancy_error": 0.8284867809726557,
      "mean_relative_operator_error": 0.14155188764940785,
      "worst_probe_gradient_cosine": 0.9960209366432815,
      "worst_relative_discrepancy_error": 0.8689544593844764
    },
    "mean_discrepancy": {
      "mean_probe_forward_relative_error": 0.03381654490519521,
      "mean_probe_gradient_cosine": 0.9986322348450122,
      "mean_relative_discrepancy_error": 0.6171687783238765,
      "mean_relative_operator_error": 0.1053953679036894,
      "worst_probe_gradient_cosine": 0.9961137421092594,
      "worst_relative_discrepancy_error": 0.6832933216033714
    },
    "nearest_geometry": {
      "mean_probe_forward_relative_error": 0.03511701507016447,
      "mean_probe_gradient_cosine": 0.9984455310215298,
      "mean_relative_discrepancy_error": 0.6890523900489843,
      "mean_relative_operator_error": 0.1175187133116768,
      "worst_probe_gradient_cosine": 0.9958684482753614,
      "worst_relative_discrepancy_error": 0.8596462493569499
    },
    "oracle_shared_subspace": {
      "mean_probe_forward_relative_error": 0.05735541734072482,
      "mean_probe_gradient_cosine": 0.9980494518319981,
      "mean_relative_discrepancy_error": 0.8054386698406625,
      "mean_relative_operator_error": 0.13762447722902124,
      "worst_probe_gradient_cosine": 0.9971090531964736,
      "worst_relative_discrepancy_error": 0.8350139815979359
    },
    "zero_nominal": {
      "mean_probe_forward_relative_error": 0.0754775888437542,
      "mean_probe_gradient_cosine": 0.9952981251584255,
      "mean_relative_discrepancy_error": 1.0,
      "mean_relative_operator_error": 0.1709438070999448,
      "worst_probe_gradient_cosine": 0.9887575288630315,
      "worst_relative_discrepancy_error": 1.0
    }
  },
  "evidence_label": "synthetic_operator_structure_development_only",
  "gc_biloc_relative_improvement_over_best_cheap_baseline": -0.588059695171242,
  "limitations": [
    "The hidden mismatch generator is synthetic and hand-designed.",
    "Hyperparameters and structure are selected on development rigs; no fresh rigs are constructed.",
    "The full truth matrices are used for scoring and shared-subspace diagnosis, not for the geometry predictor at test time.",
    "No inverse reconstruction result is produced by v5s."
  ],
  "manifest_sha256_before_operator_build": "982eadadf626da3762e390e6d572a4c1a7d049ef83069b0be3ddd9a3f3ce5af0",
  "sample_accounting": {
    "design_lock_rigs": 0,
    "development_rigs": 12,
    "measurements_per_rig": 168,
    "probe_fields": 9,
    "train_rigs": 30,
    "voxels": 144
  },
  "schema": "v5s-dco-low-rank-development-screening-1",
  "screening_rule": {
    "maximum_oracle_shared_subspace_error": 0.5,
    "minimum_relative_improvement_over_best_cheap_baseline": 0.1
  },
  "selected_development_hyperparameters": {
    "full_matrix_ridge": 1.0,
    "rank_measurement": 24,
    "rank_voxel": 24,
    "relative_ridge": 1.0
  },
  "singular_energy": {
    "measurement_first_16": 0.33959743818776816,
    "measurement_first_4": 0.11344324034825315,
    "voxel_first_16": 0.3835814121481697,
    "voxel_first_4": 0.12647781494451485
  },
  "source_provenance": {
    "boundary": "Hashes identify the code used for this development run; they do not constitute a pre-run public preregistration.",
    "config_file": "3ad750a7cb539c88f9ee9c0750163e3a0755d258df2f7dcfbb10a37d6d08fd05",
    "finite_aperture_renderer": "faaa771fe3b72084d87fd2ce08e3702978acd93a673ba5f355e28fddfec63020",
    "reaction_field_generator": "c76d78914b208f3014ce513ffb5ff25448efd21a6cd8a4eb02ae9fabada3da20",
    "runner": "457915749bd5214a98072186b0c109096e312a459174df45ea2cc2f38f55cf1a"
  }
}
